{"cameraMode":{"drawMode":0,"name":"Shaded","section":"Shading Mode"},"sceneLighting":true,"audioPlay":false,"sceneViewState":{"m_AlwaysRefresh":false,"showFog":true,"showSkybox":true,"showFlares":true,"showImageEffects":true,"showParticleSystems":true,"showVisualEffectGraphs":true,"m_FxEnabled":true},"in2DMode":false,"pivot":{"x":-63.48584747314453,"y":2.0810225009918215,"z":125.96156311035156},"rotation":{"x":0.009159451350569725,"y":-0.20703668892383576,"z":0.0016812767134979368,"w":0.9783951640129089},"size":60.62177658081055,"orthographic":false}